{
  "project_info": {
    "project_number": "1099482810631",
    "firebase_url": "https://ionicmicrocode.firebaseio.com",
    "project_id": "ionicmicrocode",
    "storage_bucket": "ionicmicrocode.appspot.com"
  },
  "client": [
    {
      "client_info": {
        "mobilesdk_app_id": "1:1099482810631:android:c79e8c7201e5ce8c",
        "android_client_info": {
          "package_name": "com.ionicmicrocode.test.notificationapp"
        }
      },
      "oauth_client": [
        {
          "client_id": "1099482810631-lb8m71tdue8h1dim2p78jse788iqiihu.apps.googleusercontent.com",
          "client_type": 1,
          "android_info": {
            "package_name": "com.ionicmicrocode.test.notificationapp",
            "certificate_hash": "563f727e0d6e0b7b206094a1f9370faf5e4dccc4"
          }
        },
        {
          "client_id": "1099482810631-t5k5re3978nf405skjsui8ju3odi585f.apps.googleusercontent.com",
          "client_type": 3
        },
        {
          "client_id": "1099482810631-t5k5re3978nf405skjsui8ju3odi585f.apps.googleusercontent.com",
          "client_type": 3
        }
      ],
      "api_key": [
        {
          "current_key": "AIzaSyDpqB4VEKCam9qOIiMgONhjPPG0DhE3Gnk"
        }
      ],
      "services": {
        "analytics_service": {
          "status": 1
        },
        "appinvite_service": {
          "status": 2,
          "other_platform_oauth_client": [
            {
              "client_id": "1099482810631-t5k5re3978nf405skjsui8ju3odi585f.apps.googleusercontent.com",
              "client_type": 3
            }
          ]
        },
        "ads_service": {
          "status": 2
        }
      }
    }
  ],
  "configuration_version": "1"
}